{
  "luis_schema_version": "4.0.0",
  "intents": [
    {
      "name": "l_Weather"
    },
    {
      "name": "l_HomeAutomation"
    },
    {
      "name": "q_sample-qna"
    }
  ],
  "entities": [],
  "composites": [],
  "closedLists": [],
  "prebuiltEntities": [],
  "utterances": [],
  "versionId": "Dispatch",
  "name": "dispatch_bot",
  "desc": "Dispatch model for dispatch_bot",
  "culture": "en-us",
  "tokenizerVersion": "1.0.0",
  "patternAnyEntities": [
    {
      "name": "Location_PatternAny",
      "roles": [],
      "explicitList": []
    },
    {
      "name": "Device_PatternAny",
      "roles": [],
      "explicitList": []
    },
    {
      "name": "Room_PatternAny",
      "roles": [],
      "explicitList": []
    }
  ],
  "regex_entities": [],
  "model_features": [],
  "regex_features": [],
  "patterns": [
    {
      "pattern": "what's the forecast for {Location_PatternAny}",
      "intent": "l_Weather"
    },
    {
      "pattern": "current weather in {Location_PatternAny}",
      "intent": "l_Weather"
    },
    {
      "pattern": "how's the weather in {Location_PatternAny}",
      "intent": "l_Weather"
    },
    {
      "pattern": "what's the forecast for next week in {Location_PatternAny}",
      "intent": "l_Weather"
    },
    {
      "pattern": "weather in {Location_PatternAny}",
      "intent": "l_Weather"
    },
    {
      "pattern": "show me the forecast for {Location_PatternAny}",
      "intent": "l_Weather"
    },
    {
      "pattern": "{Device_PatternAny} off [please]",
      "intent": "l_HomeAutomation"
    },
    {
      "pattern": "turn off {Device_PatternAny} in {Room_PatternAny}",
      "intent": "l_HomeAutomation"
    },
    {
      "pattern": "turn on {Device_PatternAny}",
      "intent": "l_HomeAutomation"
    },
    {
      "pattern": "{Device_PatternAny} on [please]",
      "intent": "l_HomeAutomation"
    },
    {
      "pattern": "{Device_PatternAny} in {Room_PatternAny} off [please]",
      "intent": "l_HomeAutomation"
    },
    {
      "pattern": "turn on {Device_PatternAny} in {Room_PatternAny}",
      "intent": "l_HomeAutomation"
    },
    {
      "pattern": "{Device_PatternAny} in {Room_PatternAny} on [please]",
      "intent": "l_HomeAutomation"
    }
  ],
  "settings": [
    {
      "name": "NormalizeDiacritics",
      "value": "true"
    }
  ]
}